<?xml version="1.0" encoding="UTF-8"?>
<!DOCTYPE mapper
  PUBLIC "-//mybatis.org//DTD Mapper 3.0//EN"
  "http://mybatis.org/dtd/mybatis-3-mapper.dtd">
  <mapper namespace="com.vam.mapper.BoardMapper">
    <!-- 게시판 등록 -->
    <insert id="enroll">
        insert into vam_board(title, content, writer) values (#{title}, #{content}, #{writer})
    </insert>
 	
 	
 	<!-- 게시판 목록 -->
    <select id="getList" resultType="com.vam.model.BoardVO">
 		select * from vam_board
    </select>
    
    
    <!-- 게시판 조회 -->
    <select id="getPage" resultType="com.vam.model.BoardVO">
        select * from vam_board where bno = #{bno}
    </select>
    
    
    <!-- 게시판 수정 -->
    <update id="modify">
    <!-- Oracle:수정될떄 수정일 시간을 변경하도록 쿼리작성 -->    
        update vam_board set title = #{title}, content = #{content}, updatedate = sysdate where bno = #{bno}
    </update>
    
    
    <!-- 게시판 삭제 -->
    <delete id="delete">
        delete from vam_board where bno = #{bno}
    </delete>
    
    
    
   
    
  </mapper>